[{"name":"3S"},{"name":"AJ네트웍스"},{"name":"AK홀딩스"},{"name":"APS홀딩스"},{"name":"AP시스템"},{"name":"AP위성"},{"name":"BGF"},{"name":"BGF리테일"},{"name":"BNK금융지주"},{"name":"BYC"},{"name":"CBI"},{"name":"CJ"},{"name":"CJ CGV"},{"name":"CJ ENM"},{"name":"CJ 바이오사이언스"},{"name":"CJ대한통운"},{"name":"CJ씨푸드"},{"name":"CJ제일제당"},{"name":"CJ프레시웨이"},{"name":"CMG제약"},{"name":"CNH"},{"name":"CSA 코스믹"},{"name":"CS홀딩스"},{"name":"DB"},{"name":"DB금융투자"},{"name":"DB손해보험"},{"name":"DB하이텍"},{"name":"DGB금융지주"},{"name":"DI동일"},{"name":"DL"},{"name":"DL건설"},{"name":"DL이앤씨"},{"name":"DMS"},{"name":"DRB동일"},{"name":"DSC인베스트먼트"},{"name":"DSR"},{"name":"DSR제강"},{"name":"E1"},{"name":"EDGC"},{"name":"EG"},{"name":"ES큐브"},{"name":"F&F"},{"name":"F&F홀딩스"},{"name":"FSN"},{"name":"GH신소재"},{"name":"GKL"},{"name":"GRT"},{"name":"GS"},{"name":"GST"},{"name":"GS건설"},{"name":"GS글로벌"},{"name":"GS리테일"},{"name":"HB솔루션"},{"name":"HB테크놀러지"},{"name":"HDC"},{"name":"HDC랩스"},{"name":"HDC현대EP"},{"name":"HDC현대산업개발"},{"name":"HJ중공업"},{"name":"HK이노엔"},{"name":"HLB"},{"name":"HLB생명과학"},{"name":"HLB제약"},{"name":"HLB테라퓨틱스"},{"name":"HMM"},{"name":"HRS"},{"name":"HSD엔진"},{"name":"IHQ"},{"name":"iMBC"},{"name":"ISC"},{"name":"JB금융지주"},{"name":"JTC"},{"name":"JW생명과학"},{"name":"JW신약"},{"name":"JW중외제약"},{"name":"JYP Ent."},{"name":"KBI메탈"},{"name":"KB금융"},{"name":"KB오토시스"},{"name":"KCC"},{"name":"KCC건설"},{"name":"KCC글라스"},{"name":"KCI"},{"name":"KCTC"},{"name":"KC그린홀딩스"},{"name":"KC코트렐"},{"name":"KEC"},{"name":"KG ETS"},{"name":"KG동부제철"},{"name":"KG모빌리언스"},{"name":"KG이니시스"},{"name":"KG케미칼"},{"name":"KH E&T"},{"name":"KH 일렉트론"},{"name":"KH 필룩스"},{"name":"KH바텍"},{"name":"KISCO홀딩스"},{"name":"KMH"},{"name":"KMH하이텍"},{"name":"KNN"},{"name":"KPX생명과학"},{"name":"KPX케미칼"},{"name":"KPX홀딩스"},{"name":"KR모터스"},{"name":"KSS해운"},{"name":"KT"},{"name":"KT&G"},{"name":"KTB투자증권"},{"name":"KTcs"},{"name":"KTis"},{"name":"KT서브마린"},{"name":"LF"},{"name":"LG"},{"name":"LG디스플레이"},{"name":"LG생활건강"},{"name":"LG에너지솔루션"},{"name":"LG유플러스"},{"name":"LG이노텍"},{"name":"LG전자"},{"name":"LG헬로비전"},{"name":"LG화학"},{"name":"LIG넥스원"},{"name":"LS"},{"name":"LS ELECTRIC"},{"name":"LS네트웍스"},{"name":"LS전선아시아"},{"name":"LX세미콘"},{"name":"LX인터내셔널"},{"name":"LX하우시스"},{"name":"LX홀딩스"},{"name":"MH에탄올"},{"name":"NAVER"},{"name":"NEW"},{"name":"NE능률"},{"name":"NHN"},{"name":"NHN벅스"},{"name":"NHN한국사이버결제"},{"name":"NH투자증권"},{"name":"NICE"},{"name":"NICE평가정보"},{"name":"NI스틸"},{"name":"NPC"},{"name":"OCI"},{"name":"PI첨단소재"},{"name":"PN풍년"},{"name":"POSCO홀딩스"},{"name":"RFHIC"},{"name":"RF머트리얼즈"},{"name":"S&K폴리텍"},{"name":"SBI인베스트먼트"},{"name":"SBI핀테크솔루션즈"},{"name":"SBS"},{"name":"SBS콘텐츠허브"},{"name":"SCI평가정보"},{"name":"SDN"},{"name":"SFA반도체"},{"name":"SG"},{"name":"SG&G"},{"name":"SGA"},{"name":"SGA솔루션즈"},{"name":"SGC에너지"},{"name":"SGC이테크건설"},{"name":"SG글로벌"},{"name":"SG세계물산"},{"name":"SH에너지화학"},{"name":"SIMPAC"},{"name":"SJM"},{"name":"SJM홀딩스"},{"name":"SK"},{"name":"SKC"},{"name":"SK가스"},{"name":"SK네트웍스"},{"name":"SK디스커버리"},{"name":"SK디앤디"},{"name":"SK렌터카"},{"name":"SK바이오사이언스"},{"name":"SK바이오팜"},{"name":"SK스퀘어"},{"name":"SK아이이테크놀로지"},{"name":"SK이노베이션"},{"name":"SK증권"},{"name":"SK케미칼"},{"name":"SK텔레콤"},{"name":"SK하이닉스"},{"name":"SM C&C"},{"name":"SM Life Design"},{"name":"SNK"},{"name":"SNT모티브"},{"name":"SNT에너지"},{"name":"SNT중공업"},{"name":"SNT홀딩스"},{"name":"S-Oil"},{"name":"SPC삼립"},{"name":"STX"},{"name":"STX엔진"},{"name":"STX중공업"},{"name":"SUN&L"},{"name":"SV인베스트먼트"},{"name":"TCC스틸"},{"name":"THE E&M"},{"name":"THQ"},{"name":"TJ미디어"},{"name":"TPC"},{"name":"TS인베스트먼트"},{"name":"TS트릴리온"},{"name":"TYM"},{"name":"WI"},{"name":"YBM넷"},{"name":"YG PLUS"},{"name":"YTN"},{"name":"YW"},{"name":"가비아"},{"name":"가온미디어"},{"name":"가온전선"},{"name":"감성코퍼레이션"},{"name":"강남제비스코"},{"name":"강스템바이오텍"},{"name":"강원랜드"},{"name":"갤럭시아머니트리"},{"name":"갤럭시아에스엠"},{"name":"경남스틸"},{"name":"경남제약"},{"name":"경농"},{"name":"경동나비엔"},{"name":"경동도시가스"},{"name":"경동인베스트"},{"name":"경동제약"},{"name":"경방"},{"name":"경보제약"},{"name":"경인양행"},{"name":"경인전자"},{"name":"경창산업"},{"name":"계룡건설"},{"name":"고려산업"},{"name":"고려시멘트"},{"name":"고려신용정보"},{"name":"고려아연"},{"name":"고려제강"},{"name":"고려제약"},{"name":"고바이오랩"},{"name":"고영"},{"name":"골드퍼시픽"},{"name":"골든센츄리"},{"name":"골프존"},{"name":"골프존뉴딘홀딩스"},{"name":"광동제약"},{"name":"광림"},{"name":"광명전기"},{"name":"광전자"},{"name":"광주신세계"},{"name":"교보증권"},{"name":"교촌에프앤비"},{"name":"구영테크"},{"name":"국도화학"},{"name":"국동"},{"name":"국보"},{"name":"국보디자인"},{"name":"국순당"},{"name":"국영지앤엠"},{"name":"국일제지"},{"name":"국전약품"},{"name":"국제약품"},{"name":"그리티"},{"name":"그린케미칼"},{"name":"그린플러스"},{"name":"극동유화"},{"name":"글로벌에스엠"},{"name":"글로벌텍스프리"},{"name":"글로본"},{"name":"금강공업"},{"name":"금강철강"},{"name":"금비"},{"name":"금양"},{"name":"금호건설"},{"name":"금호석유"},{"name":"금호에이치티"},{"name":"금호타이어"},{"name":"금화피에스시"},{"name":"기가레인"},{"name":"기산텔레콤"},{"name":"기신정기"},{"name":"기아"},{"name":"기업은행"},{"name":"까뮤이앤씨"},{"name":"까스텔바작"},{"name":"깨끗한나라"},{"name":"나노브릭"},{"name":"나노스"},{"name":"나노신소재"},{"name":"나노씨엠에스"},{"name":"나노엔텍"},{"name":"나라엠앤디"},{"name":"나래나노텍"},{"name":"나무가"},{"name":"나무기술"},{"name":"나스미디어"},{"name":"나우IB"},{"name":"나이벡"},{"name":"나이스디앤비"},{"name":"나이스정보통신"},{"name":"나인테크"},{"name":"남광토건"},{"name":"남선알미늄"},{"name":"남성"},{"name":"남양유업"},{"name":"남해화학"},{"name":"남화산업"},{"name":"남화토건"},{"name":"내츄럴엔도텍"},{"name":"네오리진"},{"name":"네오셈"},{"name":"네오오토"},{"name":"네오위즈"},{"name":"네오위즈홀딩스"},{"name":"네오이뮨텍"},{"name":"네오크레마"},{"name":"네오티스"},{"name":"네오팜"},{"name":"네오펙트"},{"name":"네온테크"},{"name":"네이블"},{"name":"네이처셀"},{"name":"네패스"},{"name":"네패스아크"},{"name":"넥센"},{"name":"넥센타이어"},{"name":"넥스턴바이오"},{"name":"넥스트BT"},{"name":"넥스트사이언스"},{"name":"넥스트아이"},{"name":"넥스틴"},{"name":"넥슨지티"},{"name":"넵튠"},{"name":"넷게임즈"},{"name":"넷마블"},{"name":"노랑풍선"},{"name":"노루페인트"},{"name":"노루홀딩스"},{"name":"노바렉스"},{"name":"노바텍"},{"name":"노을"},{"name":"노터스"},{"name":"녹십자"},{"name":"녹십자엠에스"},{"name":"녹십자웰빙"},{"name":"녹십자홀딩스"},{"name":"농심"},{"name":"농심홀딩스"},{"name":"농우바이오"},{"name":"누리플랜"},{"name":"누리플렉스"},{"name":"누보"},{"name":"뉴인텍"},{"name":"뉴지랩파마"},{"name":"뉴트리"},{"name":"뉴파워프라즈마"},{"name":"뉴프렉스"},{"name":"다나와"},{"name":"다날"},{"name":"다믈멀티미디어"},{"name":"다보링크"},{"name":"다산네트웍스"},{"name":"다스코"},{"name":"다우기술"},{"name":"다우데이타"},{"name":"다원시스"},{"name":"대교"},{"name":"대구백화점"},{"name":"대덕"},{"name":"대덕전자"},{"name":"대동"},{"name":"대동기어"},{"name":"대동스틸"},{"name":"대동전자"},{"name":"대륙제관"},{"name":"대림B&Co"},{"name":"대림제지"},{"name":"대림통상"},{"name":"대명소노시즌"},{"name":"대보마그네틱"},{"name":"대봉엘에스"},{"name":"대상"},{"name":"대상홀딩스"},{"name":"대성미생물"},{"name":"대성산업"},{"name":"대성에너지"},{"name":"대성엘텍"},{"name":"대성창투"},{"name":"대성파인텍"},{"name":"대성홀딩스"},{"name":"대신정보통신"},{"name":"대신증권"},{"name":"대아티아이"},{"name":"대양금속"},{"name":"대양전기공업"},{"name":"대영포장"},{"name":"대우건설"},{"name":"대우부품"},{"name":"대우조선해양"},{"name":"대웅"},{"name":"대웅제약"},{"name":"대원"},{"name":"대원강업"},{"name":"대원미디어"},{"name":"대원산업"},{"name":"대원전선"},{"name":"대원제약"},{"name":"대원화성"},{"name":"대유"},{"name":"대유에이텍"},{"name":"대유에이피"},{"name":"대유플러스"},{"name":"대정화금"},{"name":"대주산업"},{"name":"대주전자재료"},{"name":"대창"},{"name":"대창단조"},{"name":"대창솔루션"},{"name":"대창스틸"},{"name":"대한과학"},{"name":"대한광통신"},{"name":"대한그린파워"},{"name":"대한뉴팜"},{"name":"대한방직"},{"name":"대한약품"},{"name":"대한유화"},{"name":"대한전선"},{"name":"대한제강"},{"name":"대한제당"},{"name":"대한제분"},{"name":"대한항공"},{"name":"대한해운"},{"name":"대한화섬"},{"name":"대현"},{"name":"대호에이엘"},{"name":"대호특수강"},{"name":"대화제약"},{"name":"더네이쳐홀딩스"},{"name":"더블유게임즈"},{"name":"더블유에스아이"},{"name":"더존비즈온"},{"name":"덕산네오룩스"},{"name":"덕산테코피아"},{"name":"덕산하이메탈"},{"name":"덕성"},{"name":"덕신하우징"},{"name":"덕양산업"},{"name":"덕우전자"},{"name":"데브시스터즈"},{"name":"데이타솔루션"},{"name":"덱스터"},{"name":"덴티스"},{"name":"덴티움"},{"name":"도이치모터스"},{"name":"도화엔지니어링"},{"name":"동구바이오제약"},{"name":"동국S&C"},{"name":"동국산업"},{"name":"동국알앤에스"},{"name":"동국제강"},{"name":"동국제약"},{"name":"동남합성"},{"name":"동방"},{"name":"동방선기"},{"name":"동방아그로"},{"name":"동부건설"},{"name":"동서"},{"name":"동성제약"},{"name":"동성케미컬"},{"name":"동성화인텍"},{"name":"동신건설"},{"name":"동아쏘시오홀딩스"},{"name":"동아에스티"},{"name":"동아엘텍"},{"name":"동아지질"},{"name":"동아타이어"},{"name":"동아화성"},{"name":"동양"},{"name":"동양고속"},{"name":"동양생명"},{"name":"동양에스텍"},{"name":"동양이엔피"},{"name":"동양철관"},{"name":"동양파일"},{"name":"동양피스톤"},{"name":"동우팜투테이블"},{"name":"동운아나텍"},{"name":"동원F&B"},{"name":"동원개발"},{"name":"동원산업"},{"name":"동원시스템즈"},{"name":"동일고무벨트"},{"name":"동일금속"},{"name":"동일산업"},{"name":"동일제강"},{"name":"동일철강"},{"name":"동진쎄미켐"},{"name":"동화기업"},{"name":"동화약품"},{"name":"두산"},{"name":"두산밥캣"},{"name":"두산중공업"},{"name":"두산퓨얼셀"},{"name":"두올"},{"name":"드래곤플라이"},{"name":"드림시큐리티"},{"name":"드림씨아이에스"},{"name":"드림어스컴퍼니"},{"name":"드림텍"},{"name":"디딤"},{"name":"디바이스이엔지"},{"name":"디스플레이텍"},{"name":"디씨엠"},{"name":"디아이"},{"name":"디아이씨"},{"name":"디아이티"},{"name":"디알젬"},{"name":"디알텍"},{"name":"디앤씨미디어"},{"name":"디어유"},{"name":"디에스케이"},{"name":"디에이치피코리아"},{"name":"디에이테크놀로지"},{"name":"디에이피"},{"name":"디엔에이링크"},{"name":"디엔에프"},{"name":"디오"},{"name":"디와이"},{"name":"디와이파워"},{"name":"디와이피엔에프"},{"name":"디이엔티"},{"name":"디지털대성"},{"name":"디지틀조선"},{"name":"디케이락"},{"name":"디케이앤디"},{"name":"디케이티"},{"name":"디티알오토모티브"},{"name":"디티앤씨"},{"name":"딜리"},{"name":"딥노이드"},{"name":"라닉스"},{"name":"라온시큐어"},{"name":"라온테크"},{"name":"라온피플"},{"name":"라이온켐텍"},{"name":"라이트론"},{"name":"라이프시맨틱스"},{"name":"라파스"},{"name":"락앤락"},{"name":"래몽래인"},{"name":"램테크놀러지"},{"name":"랩지노믹스"},{"name":"러셀"},{"name":"레고켐바이오"},{"name":"레드캡투어"},{"name":"레몬"},{"name":"레이"},{"name":"레이언스"},{"name":"레이크머티리얼즈"},{"name":"레인보우로보틱스"},{"name":"로보로보"},{"name":"로보스타"},{"name":"로보티즈"},{"name":"로스웰"},{"name":"로지시스"},{"name":"로체시스템즈"},{"name":"롯데관광개발"},{"name":"롯데렌탈"},{"name":"롯데손해보험"},{"name":"롯데쇼핑"},{"name":"롯데정밀화학"},{"name":"롯데정보통신"},{"name":"롯데제과"},{"name":"롯데지주"},{"name":"롯데칠성"},{"name":"롯데케미칼"},{"name":"롯데푸드"},{"name":"롯데하이마트"},{"name":"루멘스"},{"name":"루트로닉"},{"name":"룽투코리아"},{"name":"리노공업"},{"name":"리더스 기술투자"},{"name":"리드코프"},{"name":"리메드"},{"name":"리파인"},{"name":"린드먼아시아"},{"name":"링네트"},{"name":"링크제니시스"},{"name":"마니커"},{"name":"마니커에프앤지"},{"name":"마이크로디지탈"},{"name":"마이크로컨텍솔"},{"name":"마이크로프랜드"},{"name":"마인즈랩"},{"name":"마크로젠"},{"name":"만도"},{"name":"만호제강"},{"name":"맘스터치"},{"name":"매일유업"},{"name":"매일홀딩스"},{"name":"매커스"},{"name":"맥스트"},{"name":"머큐리"},{"name":"멀티캠퍼스"},{"name":"메가스터디"},{"name":"메가스터디교육"},{"name":"메가엠디"},{"name":"메드팩토"},{"name":"메디아나"},{"name":"메디콕스"},{"name":"메디톡스"},{"name":"메디포스트"},{"name":"메디프론"},{"name":"메리츠금융지주"},{"name":"메리츠증권"},{"name":"메리츠화재"},{"name":"메이슨캐피탈"},{"name":"메지온"},{"name":"메카로"},{"name":"메타랩스"},{"name":"메타바이오메드"},{"name":"멕아이씨에스"},{"name":"명문제약"},{"name":"명신산업"},{"name":"모나리자"},{"name":"모나미"},{"name":"모다이노칩"},{"name":"모두투어"},{"name":"모바일리더"},{"name":"모바일어플라이언스"},{"name":"모베이스"},{"name":"모베이스전자"},{"name":"모비릭스"},{"name":"모비스"},{"name":"모아데이타"},{"name":"모아텍"},{"name":"모토닉"},{"name":"모트렉스"},{"name":"모헨즈"},{"name":"무림P&P"},{"name":"무림SP"},{"name":"무림페이퍼"},{"name":"무학"},{"name":"문배철강"},{"name":"미디어젠"},{"name":"미래나노텍"},{"name":"미래산업"},{"name":"미래생명자원"},{"name":"미래아이앤지"},{"name":"미래에셋벤처투자"},{"name":"미래에셋생명"},{"name":"미래에셋증권"},{"name":"미래컴퍼니"},{"name":"미스터블루"},{"name":"미원상사"},{"name":"미원에스씨"},{"name":"미원홀딩스"},{"name":"미원화학"},{"name":"미창석유"},{"name":"미코"},{"name":"미코바이오메드"},{"name":"미투온"},{"name":"미투젠"},{"name":"민앤지"},{"name":"바디텍메드"},{"name":"바른손"},{"name":"바른손이앤에이"},{"name":"바이넥스"},{"name":"바이브컴퍼니"},{"name":"바이오니아"},{"name":"바이오다인"},{"name":"바이오로그디바이스"},{"name":"바이오리더스"},{"name":"바이오솔루션"},{"name":"바이오스마트"},{"name":"바이오에프디엔씨"},{"name":"바이오톡스텍"},{"name":"바이오플러스"},{"name":"바이옵트로"},{"name":"바이젠셀"},{"name":"바텍"},{"name":"박셀바이오"},{"name":"방림"},{"name":"배럴"},{"name":"백광산업"},{"name":"백금T&A"},{"name":"백산"},{"name":"버킷스튜디오"},{"name":"범양건영"},{"name":"베노홀딩스"},{"name":"베뉴지"},{"name":"벽산"},{"name":"보광산업"},{"name":"보라티알"},{"name":"보락"},{"name":"보령제약"},{"name":"보성파워텍"},{"name":"보해양조"},{"name":"본느"},{"name":"부광약품"},{"name":"부국증권"},{"name":"부국철강"},{"name":"부방"},{"name":"부산산업"},{"name":"뷰노"},{"name":"뷰웍스"},{"name":"브랜드엑스코퍼레이션"},{"name":"브레인즈컴퍼니"},{"name":"브리지텍"},{"name":"브릿지바이오테라퓨틱"},{"name":"브이씨"},{"name":"브이원텍"},{"name":"브이티지엠피"},{"name":"블루베리 NFT"},{"name":"블루콤"},{"name":"블리츠웨이"},{"name":"비나텍"},{"name":"비덴트"},{"name":"비보존 헬스케어"},{"name":"비비씨"},{"name":"비비안"},{"name":"비상교육"},{"name":"비씨엔씨"},{"name":"비씨월드제약"},{"name":"비아트론"},{"name":"비에이치"},{"name":"비에이치아이"},{"name":"비엠티"},{"name":"비올"},{"name":"비즈니스온"},{"name":"비츠로셀"},{"name":"비츠로테크"},{"name":"비투엔"},{"name":"비트나인"},{"name":"비트컴퓨터"},{"name":"비피도"},{"name":"빅솔론"},{"name":"빅텍"},{"name":"빙그레"},{"name":"사람인에이치알"},{"name":"사조대림"},{"name":"사조동아원"},{"name":"사조산업"},{"name":"사조씨푸드"},{"name":"사조오양"},{"name":"삼강엠앤티"},{"name":"삼기"},{"name":"삼륭물산"},{"name":"삼목에스폼"},{"name":"삼보모터스"},{"name":"삼보산업"},{"name":"삼보판지"},{"name":"삼부토건"},{"name":"삼성SDI"},{"name":"삼성공조"},{"name":"삼성물산"},{"name":"삼성바이오로직스"},{"name":"삼성생명"},{"name":"삼성에스디에스"},{"name":"삼성엔지니어링"},{"name":"삼성전기"},{"name":"삼성전자"},{"name":"삼성제약"},{"name":"삼성중공업"},{"name":"삼성증권"},{"name":"삼성출판사"},{"name":"삼성카드"},{"name":"삼성화재"},{"name":"삼아알미늄"},{"name":"삼아제약"},{"name":"삼양사"},{"name":"삼양식품"},{"name":"삼양옵틱스"},{"name":"삼양통상"},{"name":"삼양패키징"},{"name":"삼양홀딩스"},{"name":"삼영무역"},{"name":"삼영에스앤씨"},{"name":"삼영엠텍"},{"name":"삼영이엔씨"},{"name":"삼영전자"},{"name":"삼영화학"},{"name":"삼원강재"},{"name":"삼익THK"},{"name":"삼익악기"},{"name":"삼일기업공사"},{"name":"삼일씨엔에스"},{"name":"삼일제약"},{"name":"삼정펄프"},{"name":"삼지전자"},{"name":"삼진"},{"name":"삼진엘앤디"},{"name":"삼진제약"},{"name":"삼천당제약"},{"name":"삼천리"},{"name":"삼천리자전거"},{"name":"삼표시멘트"},{"name":"삼현철강"},{"name":"삼호개발"},{"name":"삼화네트웍스"},{"name":"삼화왕관"},{"name":"삼화전기"},{"name":"삼화콘덴서"},{"name":"삼화페인트"},{"name":"상보"},{"name":"상상인"},{"name":"상상인인더스트리"},{"name":"상상인증권"},{"name":"상신브레이크"},{"name":"상신이디피"},{"name":"상신전자"},{"name":"상아프론테크"},{"name":"상지카일룸"},{"name":"새로닉스"},{"name":"새론오토모티브"},{"name":"샘씨엔에스"},{"name":"샘표"},{"name":"샘표식품"},{"name":"서남"},{"name":"서린바이오"},{"name":"서부T&D"},{"name":"서산"},{"name":"서암기계공업"},{"name":"서연"},{"name":"서연이화"},{"name":"서연탑메탈"},{"name":"서울가스"},{"name":"서울리거"},{"name":"서울바이오시스"},{"name":"서울반도체"},{"name":"서울식품"},{"name":"서울옥션"},{"name":"서울제약"},{"name":"서원"},{"name":"서원인텍"},{"name":"서전기전"},{"name":"서진시스템"},{"name":"서진오토모티브"},{"name":"서플러스글로벌"},{"name":"서한"},{"name":"서호전기"},{"name":"서흥"},{"name":"서희건설"},{"name":"석경에이티"},{"name":"선광"},{"name":"선데이토즈"},{"name":"선익시스템"},{"name":"선진"},{"name":"선진뷰티사이언스"},{"name":"성광벤드"},{"name":"성도이엔지"},{"name":"성보화학"},{"name":"성신양회"},{"name":"성우전자"},{"name":"성우테크론"},{"name":"성우하이텍"},{"name":"성창기업지주"},{"name":"성창오토텍"},{"name":"성호전자"},{"name":"세경하이테크"},{"name":"세기상사"},{"name":"세림B&G"},{"name":"세명전기"},{"name":"세방"},{"name":"세방전지"},{"name":"세보엠이씨"},{"name":"세아베스틸"},{"name":"세아제강"},{"name":"세아제강지주"},{"name":"세아특수강"},{"name":"세아홀딩스"},{"name":"세운메디칼"},{"name":"세원"},{"name":"세원이앤씨"},{"name":"세이브존I&C"},{"name":"세종공업"},{"name":"세종메디칼"},{"name":"세종텔레콤"},{"name":"세중"},{"name":"세진중공업"},{"name":"세코닉스"},{"name":"세틀뱅크"},{"name":"세하"},{"name":"세화피앤씨"},{"name":"센코"},{"name":"센트랄모텍"},{"name":"셀레믹스"},{"name":"셀루메드"},{"name":"셀리드"},{"name":"셀리버리"},{"name":"셀바스AI"},{"name":"셀바스헬스케어"},{"name":"셀트리온"},{"name":"셀트리온제약"},{"name":"셀트리온헬스케어"},{"name":"소룩스"},{"name":"소마젠"},{"name":"소프트센"},{"name":"소프트캠프"},{"name":"손오공"},{"name":"솔고바이오"},{"name":"솔루스첨단소재"},{"name":"솔루엠"},{"name":"솔본"},{"name":"솔브레인"},{"name":"솔브레인홀딩스"},{"name":"솔트룩스"},{"name":"송원산업"},{"name":"쇼박스"},{"name":"수산아이앤티"},{"name":"수산중공업"},{"name":"수성이노베이션"},{"name":"수젠텍"},{"name":"슈프리마"},{"name":"슈프리마에이치큐"},{"name":"슈피겐코리아"},{"name":"스맥"},{"name":"스카이라이프"},{"name":"스코넥"},{"name":"스톤브릿지벤처스"},{"name":"스튜디오드래곤"},{"name":"스튜디오산타클로스"},{"name":"스틱인베스트먼트"},{"name":"스페코"},{"name":"승일"},{"name":"시공테크"},{"name":"시그네틱스"},{"name":"시너지이노베이션"},{"name":"시노펙스"},{"name":"시디즈"},{"name":"시스웍"},{"name":"시큐브"},{"name":"시티랩스"},{"name":"신대양제지"},{"name":"신도기연"},{"name":"신도리코"},{"name":"신라교역"},{"name":"신라섬유"},{"name":"신성델타테크"},{"name":"신성이엔지"},{"name":"신성통상"},{"name":"신세계"},{"name":"신세계 I&C"},{"name":"신세계건설"},{"name":"신세계인터내셔날"},{"name":"신세계푸드"},{"name":"신송홀딩스"},{"name":"신신제약"},{"name":"신영와코루"},{"name":"신영증권"},{"name":"신원"},{"name":"신원종합개발"},{"name":"신일전자"},{"name":"신일제약"},{"name":"신진에스엠"},{"name":"신테카바이오"},{"name":"신풍제약"},{"name":"신풍제지"},{"name":"신한지주"},{"name":"신화인터텍"},{"name":"신흥"},{"name":"신흥에스이씨"},{"name":"실리콘투"},{"name":"심텍"},{"name":"심텍홀딩스"},{"name":"싸이맥스"},{"name":"싸이버원"},{"name":"싸이토젠"},{"name":"쌍방울"},{"name":"쌍용C&E"},{"name":"쌍용정보통신"},{"name":"써니전자"},{"name":"쎄노텍"},{"name":"쎄니트"},{"name":"쎄트렉아이"},{"name":"쎌바이오텍"},{"name":"쏠리드"},{"name":"씨아이에스"},{"name":"씨앤씨인터내셔널"},{"name":"씨앤지하이테크"},{"name":"씨앤투스성진"},{"name":"씨에스베어링"},{"name":"씨에스윈드"},{"name":"씨엔알리서치"},{"name":"씨유메디칼"},{"name":"씨유테크"},{"name":"씨이랩"},{"name":"씨젠"},{"name":"씨큐브"},{"name":"씨티씨바이오"},{"name":"씨티케이"},{"name":"아가방컴퍼니"},{"name":"아나패스"},{"name":"아난티"},{"name":"아남전자"},{"name":"아모그린텍"},{"name":"아모레G"},{"name":"아모레퍼시픽"},{"name":"아모센스"},{"name":"아모텍"},{"name":"아미노로직스"},{"name":"아미코젠"},{"name":"아바코"},{"name":"아바텍"},{"name":"아비코전자"},{"name":"아세아"},{"name":"아세아시멘트"},{"name":"아세아제지"},{"name":"아세아텍"},{"name":"아센디오"},{"name":"아셈스"},{"name":"아스타"},{"name":"아스트"},{"name":"아스플로"},{"name":"아시아경제"},{"name":"아시아나IDT"},{"name":"아시아나항공"},{"name":"아시아종묘"},{"name":"아이디스"},{"name":"아이디스홀딩스"},{"name":"아이디피"},{"name":"아이마켓코리아"},{"name":"아이비김영"},{"name":"아이센스"},{"name":"아이스크림에듀"},{"name":"아이쓰리시스템"},{"name":"아이씨디"},{"name":"아이씨케이"},{"name":"아이앤씨"},{"name":"아이에스동서"},{"name":"아이에스이커머스"},{"name":"아이에이"},{"name":"아이엘사이언스"},{"name":"아이엠"},{"name":"아이오케이"},{"name":"아이원스"},{"name":"아이윈"},{"name":"아이즈비전"},{"name":"아이진"},{"name":"아이퀘스트"},{"name":"아이큐어"},{"name":"아이크래프트"},{"name":"아이텍"},{"name":"아이티센"},{"name":"아이티아이즈"},{"name":"아이티엠반도체"},{"name":"아이패밀리에스씨"},{"name":"아주IB투자"},{"name":"아주스틸"},{"name":"아즈텍WB"},{"name":"아진산업"},{"name":"아진엑스텍"},{"name":"아톤"},{"name":"아프리카TV"},{"name":"안국약품"},{"name":"안랩"},{"name":"안트로젠"},{"name":"알로이스"},{"name":"알루코"},{"name":"알리코제약"},{"name":"알비더블유"},{"name":"알서포트"},{"name":"알에스오토메이션"},{"name":"알에프텍"},{"name":"알엔투테크놀로지"},{"name":"알체라"},{"name":"알테오젠"},{"name":"알톤스포츠"},{"name":"알티캐스트"},{"name":"알파홀딩스"},{"name":"압타머사이언스"},{"name":"압타바이오"},{"name":"애경산업"},{"name":"애경케미칼"},{"name":"애니젠"},{"name":"애니플러스"},{"name":"애드바이오텍"},{"name":"액션스퀘어"},{"name":"액토즈소프트"},{"name":"액트로"},{"name":"앤디포스"},{"name":"앤씨앤"},{"name":"앱코"},{"name":"앱클론"},{"name":"야스"},{"name":"얍엑스"},{"name":"양지사"},{"name":"어보브반도체"},{"name":"얼라인드"},{"name":"에너토크"},{"name":"에넥스"},{"name":"에브리봇"},{"name":"에스넷"},{"name":"에스디바이오센서"},{"name":"에스디생명공학"},{"name":"에스맥"},{"name":"에스씨디"},{"name":"에스씨엠생명과학"},{"name":"에스앤디"},{"name":"에스앤에스텍"},{"name":"에스에너지"},{"name":"에스에이엠티"},{"name":"에스에이티"},{"name":"에스에이티이엔지"},{"name":"에스에프에이"},{"name":"에스엔유"},{"name":"에스엘"},{"name":"에스엠"},{"name":"에스엠코어"},{"name":"에스와이"},{"name":"에스원"},{"name":"에스제이그룹"},{"name":"에스코넥"},{"name":"에스텍"},{"name":"에스텍파마"},{"name":"에스트래픽"},{"name":"에스티아이"},{"name":"에스티큐브"},{"name":"에스티팜"},{"name":"에스폴리텍"},{"name":"에스퓨얼셀"},{"name":"에스피시스템스"},{"name":"에스피지"},{"name":"에쎈테크"},{"name":"에쓰씨엔지니어링"},{"name":"에어부산"},{"name":"에이디엠코리아"},{"name":"에이디테크놀로지"},{"name":"에이루트"},{"name":"에이블씨엔씨"},{"name":"에이비엘바이오"},{"name":"에이비온"},{"name":"에이비프로바이오"},{"name":"에이스침대"},{"name":"에이스테크"},{"name":"에이스토리"},{"name":"에이에프더블류"},{"name":"에이엔피"},{"name":"에이치시티"},{"name":"에이치앤비디자인"},{"name":"에이치엘비파워"},{"name":"에이치엘사이언스"},{"name":"에이치피오"},{"name":"에이테크솔루션"},{"name":"에이텍"},{"name":"에이텍티앤"},{"name":"에이트원"},{"name":"에이티넘인베스트"},{"name":"에이티세미콘"},{"name":"에이팩트"},{"name":"에이프로"},{"name":"에이프로젠 H&G"},{"name":"에이프로젠 MED"},{"name":"에이프로젠제약"},{"name":"에이플러스에셋"},{"name":"에이피티씨"},{"name":"에치에프알"},{"name":"에코마케팅"},{"name":"에코바이오"},{"name":"에코캡"},{"name":"에코프로"},{"name":"에코프로비엠"},{"name":"에코프로에이치엔"},{"name":"에코플라스틱"},{"name":"에프앤가이드"},{"name":"에프에스티"},{"name":"에프엔씨엔터"},{"name":"에프엔에스테크"},{"name":"엑세스바이오"},{"name":"엑셈"},{"name":"엑시콘"},{"name":"엔바이오니아"},{"name":"엔브이에이치코리아"},{"name":"엔비티"},{"name":"엔시스"},{"name":"엔시트론"},{"name":"엔씨소프트"},{"name":"엔에스"},{"name":"엔에스엔"},{"name":"엔에이치스팩19호"},{"name":"엔에프씨"},{"name":"엔젠바이오"},{"name":"엔지켐생명과학"},{"name":"엔케이"},{"name":"엔케이맥스"},{"name":"엔켐"},{"name":"엔텔스"},{"name":"엔투텍"},{"name":"엔피"},{"name":"엔피디"},{"name":"엘브이엠씨홀딩스"},{"name":"엘비루셈"},{"name":"엘비세미콘"},{"name":"엘앤씨바이오"},{"name":"엘앤에프"},{"name":"엘앤케이바이오"},{"name":"엘엠에스"},{"name":"엘오티베큠"},{"name":"엘컴텍"},{"name":"엘티씨"},{"name":"엠게임"},{"name":"엠로"},{"name":"엠벤처투자"},{"name":"엠브레인"},{"name":"엠씨넥스"},{"name":"엠아이텍"},{"name":"엠에스씨"},{"name":"엠에스오토텍"},{"name":"엠케이전자"},{"name":"엠투아이"},{"name":"엠투엔"},{"name":"엠플러스"},{"name":"엠피대산"},{"name":"연우"},{"name":"영림원소프트랩"},{"name":"영보화학"},{"name":"영신금속"},{"name":"영우디에스피"},{"name":"영원무역"},{"name":"영원무역홀딩스"},{"name":"영진약품"},{"name":"영풍"},{"name":"영풍정밀"},{"name":"영풍제지"},{"name":"영화금속"},{"name":"영화테크"},{"name":"영흥"},{"name":"예선테크"},{"name":"예스24"},{"name":"예스코홀딩스"},{"name":"예스티"},{"name":"오공"},{"name":"오디텍"},{"name":"오뚜기"},{"name":"오로라"},{"name":"오로스테크놀로지"},{"name":"오르비텍"},{"name":"오리엔탈정공"},{"name":"오리엔트바이오"},{"name":"오리엔트정공"},{"name":"오리온"},{"name":"오리온홀딩스"},{"name":"오리콤"},{"name":"오비고"},{"name":"오상자이엘"},{"name":"오성첨단소재"},{"name":"오션브릿지"},{"name":"오스코텍"},{"name":"오스테오닉"},{"name":"오스템"},{"name":"오이솔루션"},{"name":"오킨스전자"},{"name":"오텍"},{"name":"오토앤"},{"name":"오픈베이스"},{"name":"오하임아이엔티"},{"name":"올리패스"},{"name":"올릭스"},{"name":"옴니시스템"},{"name":"옵트론텍"},{"name":"옵티시스"},{"name":"옵티팜"},{"name":"와이더플래닛"},{"name":"와이솔"},{"name":"와이아이케이"},{"name":"와이어블"},{"name":"와이엔텍"},{"name":"와이엠씨"},{"name":"와이엠텍"},{"name":"와이엠티"},{"name":"와이제이엠게임즈"},{"name":"와이즈버즈"},{"name":"와이지엔터테인먼트"},{"name":"와이지-원"},{"name":"와이팜"},{"name":"용평리조트"},{"name":"우리금융지주"},{"name":"우리기술"},{"name":"우리기술투자"},{"name":"우리넷"},{"name":"우리들휴브레인"},{"name":"우리바이오"},{"name":"우리산업"},{"name":"우리산업홀딩스"},{"name":"우리손에프앤지"},{"name":"우리이앤엘"},{"name":"우리조명"},{"name":"우리종금"},{"name":"우림피티에스"},{"name":"우성"},{"name":"우수AMS"},{"name":"우신시스템"},{"name":"우양"},{"name":"우원개발"},{"name":"우정바이오"},{"name":"우주일렉트로"},{"name":"우진"},{"name":"우진비앤지"},{"name":"우진아이엔에스"},{"name":"우진플라임"},{"name":"웅진"},{"name":"웅진씽크빅"},{"name":"원바이오젠"},{"name":"원방테크"},{"name":"원익"},{"name":"원익IPS"},{"name":"원익QnC"},{"name":"원익머트리얼즈"},{"name":"원익큐브"},{"name":"원익피앤이"},{"name":"원익홀딩스"},{"name":"원일특강"},{"name":"원준"},{"name":"원티드랩"},{"name":"원풍"},{"name":"월덱스"},{"name":"웰바이오텍"},{"name":"웰크론"},{"name":"웰크론한텍"},{"name":"웹스"},{"name":"웹젠"},{"name":"웹케시"},{"name":"위니아딤채"},{"name":"위닉스"},{"name":"위더스제약"},{"name":"위드텍"},{"name":"위메이드"},{"name":"위세아이텍"},{"name":"위즈코프"},{"name":"위지윅스튜디오"},{"name":"위지트"},{"name":"윈스"},{"name":"윈텍"},{"name":"윈팩"},{"name":"윌링스"},{"name":"윌비스"},{"name":"윙입푸드"},{"name":"유나이티드제약"},{"name":"유니드"},{"name":"유니셈"},{"name":"유니슨"},{"name":"유니온"},{"name":"유니온머티리얼"},{"name":"유니켐"},{"name":"유니퀘스트"},{"name":"유니크"},{"name":"유니테스트"},{"name":"유니테크노"},{"name":"유니트론텍"},{"name":"유라테크"},{"name":"유바이오로직스"},{"name":"유비벨록스"},{"name":"유비케어"},{"name":"유비쿼스"},{"name":"유비쿼스홀딩스"},{"name":"유성기업"},{"name":"유성티엔에스"},{"name":"유수홀딩스"},{"name":"유신"},{"name":"유안타증권"},{"name":"유앤아이"},{"name":"유에스티"},{"name":"유엔젤"},{"name":"유유제약"},{"name":"유일로보틱스"},{"name":"유일에너테크"},{"name":"유진기업"},{"name":"유진로봇"},{"name":"유진테크"},{"name":"유진투자증권"},{"name":"유티아이"},{"name":"유틸렉스"},{"name":"유한양행"},{"name":"유화증권"},{"name":"율촌화학"},{"name":"율호"},{"name":"이건산업"},{"name":"이건홀딩스"},{"name":"이구산업"},{"name":"이글루시큐리티"},{"name":"이글벳"},{"name":"이노뎁"},{"name":"이노메트리"},{"name":"이노션"},{"name":"이노와이어리스"},{"name":"이노인스트루먼트"},{"name":"이노테라피"},{"name":"이녹스"},{"name":"이녹스첨단소재"},{"name":"이니텍"},{"name":"이더블유케이"},{"name":"이라이콤"},{"name":"이랜시스"},{"name":"이랜텍"},{"name":"이루다"},{"name":"이루온"},{"name":"이마트"},{"name":"이베스트투자증권"},{"name":"이브이첨단소재"},{"name":"이삭엔지니어링"},{"name":"이상네트웍스"},{"name":"이수앱지스"},{"name":"이수페타시스"},{"name":"이수화학"},{"name":"이스타코"},{"name":"이스트소프트"},{"name":"이씨에스"},{"name":"이아이디"},{"name":"이엔드디"},{"name":"이엔에프테크놀로지"},{"name":"이엔코퍼레이션"},{"name":"이엔플러스"},{"name":"이엘피"},{"name":"이엠넷"},{"name":"이엠코리아"},{"name":"이엠텍"},{"name":"이연제약"},{"name":"이오테크닉스"},{"name":"이오플로우"},{"name":"이원컴포텍"},{"name":"이월드"},{"name":"이지바이오"},{"name":"이지케어텍"},{"name":"이지트로닉스"},{"name":"이지홀딩스"},{"name":"이크레더블"},{"name":"이트론"},{"name":"이화공영"},{"name":"이화전기"},{"name":"인디에프"},{"name":"인바디"},{"name":"인바이오"},{"name":"인바이오젠"},{"name":"인베니아"},{"name":"인산가"},{"name":"인선이엔티"},{"name":"인성정보"},{"name":"인스코비"},{"name":"인지디스플레"},{"name":"인지컨트롤스"},{"name":"인천도시가스"},{"name":"인카금융서비스"},{"name":"인콘"},{"name":"인크로스"},{"name":"인탑스"},{"name":"인터로조"},{"name":"인터지스"},{"name":"인터파크"},{"name":"인터플렉스"},{"name":"인텍플러스"},{"name":"인텔리안테크"},{"name":"인트론바이오"},{"name":"인팩"},{"name":"인포바인"},{"name":"인포뱅크"},{"name":"인피니트헬스케어"},{"name":"인화정공"},{"name":"일동제약"},{"name":"일동홀딩스"},{"name":"일성건설"},{"name":"일성신약"},{"name":"일승"},{"name":"일신바이오"},{"name":"일신방직"},{"name":"일신석재"},{"name":"일양약품"},{"name":"일진다이아"},{"name":"일진디스플"},{"name":"일진머티리얼즈"},{"name":"일진전기"},{"name":"일진파워"},{"name":"일진하이솔루스"},{"name":"일진홀딩스"},{"name":"잇츠한불"},{"name":"잉글우드랩"},{"name":"잉크테크"},{"name":"자연과환경"},{"name":"자이언트스텝"},{"name":"자이에스앤디"},{"name":"자화전자"},{"name":"재영솔루텍"},{"name":"전방"},{"name":"정다운"},{"name":"정산애강"},{"name":"정상제이엘에스"},{"name":"정원엔시스"},{"name":"제너셈"},{"name":"제넥신"},{"name":"제노레이"},{"name":"제노코"},{"name":"제노포커스"},{"name":"제놀루션"},{"name":"제로투세븐"},{"name":"제룡산업"},{"name":"제룡전기"},{"name":"제우스"},{"name":"제이브이엠"},{"name":"제이스텍"},{"name":"제이시스메디칼"},{"name":"제이씨케미칼"},{"name":"제이씨현시스템"},{"name":"제이앤티씨"},{"name":"제이에스코퍼레이션"},{"name":"제이에스티나"},{"name":"제이엔케이히터"},{"name":"제이엘케이"},{"name":"제이엠티"},{"name":"제이준코스메틱"},{"name":"제이콘텐트리"},{"name":"제이티"},{"name":"제일기획"},{"name":"제일바이오"},{"name":"제일약품"},{"name":"제일연마"},{"name":"제일전기공업"},{"name":"제일제강"},{"name":"제일테크노스"},{"name":"제일파마홀딩스"},{"name":"제주맥주"},{"name":"제주반도체"},{"name":"제주은행"},{"name":"제주항공"},{"name":"제테마"},{"name":"젠큐릭스"},{"name":"젬백스"},{"name":"젬백스링크"},{"name":"젬백스지오"},{"name":"조광ILI"},{"name":"조광페인트"},{"name":"조광피혁"},{"name":"조비"},{"name":"조선내화"},{"name":"조선선재"},{"name":"조아제약"},{"name":"조이시티"},{"name":"조일알미늄"},{"name":"조흥"},{"name":"종근당"},{"name":"종근당바이오"},{"name":"종근당홀딩스"},{"name":"주성엔지니어링"},{"name":"주연테크"},{"name":"줌인터넷"},{"name":"중앙백신"},{"name":"중앙에너비스"},{"name":"지노믹트리"},{"name":"지놈앤컴퍼니"},{"name":"지누스"},{"name":"지니너스"},{"name":"지니뮤직"},{"name":"지니언스"},{"name":"지니틱스"},{"name":"지더블유바이텍"},{"name":"지씨셀"},{"name":"지아이텍"},{"name":"지앤비에스엔지니어링"},{"name":"지어소프트"},{"name":"지에스이"},{"name":"지엔씨에너지"},{"name":"지엔원에너지"},{"name":"지엔코"},{"name":"지엘팜텍"},{"name":"지엠비코리아"},{"name":"지역난방공사"},{"name":"지오엘리먼트"},{"name":"지투알"},{"name":"진로발효"},{"name":"진매트릭스"},{"name":"진성티이씨"},{"name":"진시스템"},{"name":"진양산업"},{"name":"진양제약"},{"name":"진양폴리"},{"name":"진양홀딩스"},{"name":"진양화학"},{"name":"진에어"},{"name":"진원생명과학"},{"name":"진흥기업"},{"name":"차바이오텍"},{"name":"차백신연구소"},{"name":"참엔지니어링"},{"name":"참좋은여행"},{"name":"창해에탄올"},{"name":"천보"},{"name":"천일고속"},{"name":"초록뱀미디어"},{"name":"초록뱀컴퍼니"},{"name":"칩스앤미디어"},{"name":"카스"},{"name":"카이노스메드"},{"name":"카카오"},{"name":"카카오게임즈"},{"name":"카카오뱅크"},{"name":"카카오페이"},{"name":"카페24"},{"name":"카프로"},{"name":"캐리소프트"},{"name":"캠시스"},{"name":"컬러레이"},{"name":"컴투스"},{"name":"컴투스홀딩스"},{"name":"컴퍼니케이"},{"name":"케어랩스"},{"name":"케어젠"},{"name":"케이디켐"},{"name":"케이비아이동국실업"},{"name":"케이사인"},{"name":"케이씨"},{"name":"케이씨에스"},{"name":"케이씨텍"},{"name":"케이씨티"},{"name":"케이씨피드"},{"name":"케이아이엔엑스"},{"name":"케이에스피"},{"name":"케이엔더블유"},{"name":"케이엔제이"},{"name":"케이엘넷"},{"name":"케이엠"},{"name":"케이엠더블유"},{"name":"케이엠제약"},{"name":"케이옥션"},{"name":"케이카"},{"name":"케이티비네트워크"},{"name":"케이티알파"},{"name":"케이프"},{"name":"케이피에스"},{"name":"케이피에프"},{"name":"케이피엠테크"},{"name":"켄코아에어로스페이스"},{"name":"켐온"},{"name":"켐트로닉스"},{"name":"켐트로스"},{"name":"코나아이"},{"name":"코데즈컴바인"},{"name":"코드네이처"},{"name":"코디엠"},{"name":"코렌텍"},{"name":"코리아나"},{"name":"코리아센터"},{"name":"코리아써키트"},{"name":"코리아에셋투자증권"},{"name":"코리아에프티"},{"name":"코리안리"},{"name":"코맥스"},{"name":"코메론"},{"name":"코미코"},{"name":"코미팜"},{"name":"코세스"},{"name":"코스맥스"},{"name":"코스맥스비티아이"},{"name":"코스맥스엔비티"},{"name":"코스메카코리아"},{"name":"코스모신소재"},{"name":"코스모화학"},{"name":"코아스템"},{"name":"코아시아"},{"name":"코아시아옵틱스"},{"name":"코엔텍"},{"name":"코오롱"},{"name":"코오롱글로벌"},{"name":"코오롱인더"},{"name":"코오롱플라스틱"},{"name":"코웨이"},{"name":"코웰패션"},{"name":"코위버"},{"name":"코윈테크"},{"name":"코이즈"},{"name":"코콤"},{"name":"코텍"},{"name":"코퍼스코리아"},{"name":"코프라"},{"name":"콜마비앤에이치"},{"name":"콤텍시스템"},{"name":"쿠콘"},{"name":"쿠쿠홀딩스"},{"name":"쿠쿠홈시스"},{"name":"퀀타매트릭스"},{"name":"큐라클"},{"name":"큐렉소"},{"name":"큐로"},{"name":"큐로컴"},{"name":"큐로홀딩스"},{"name":"큐브엔터"},{"name":"큐에스아이"},{"name":"큐캐피탈"},{"name":"크라운제과"},{"name":"크라운해태홀딩스"},{"name":"크래프톤"},{"name":"크레버스"},{"name":"크리스에프앤씨"},{"name":"크리스탈신소재"},{"name":"크리스탈지노믹스"},{"name":"크린앤사이언스"},{"name":"클라우드에어"},{"name":"클래시스"},{"name":"클리노믹스"},{"name":"클리오"},{"name":"키네마스터"},{"name":"키다리스튜디오"},{"name":"키움증권"},{"name":"키이스트"},{"name":"타이거일렉"},{"name":"탑엔지니어링"},{"name":"탑코미디어"},{"name":"태경비케이"},{"name":"태경산업"},{"name":"태경케미컬"},{"name":"태광"},{"name":"태광산업"},{"name":"태림포장"},{"name":"태양"},{"name":"태양금속"},{"name":"태영건설"},{"name":"태웅로직스"},{"name":"태평양물산"},{"name":"테고사이언스"},{"name":"테라사이언스"},{"name":"테라젠이텍스"},{"name":"테스"},{"name":"테스나"},{"name":"테이팩스"},{"name":"테크윙"},{"name":"텔레칩스"},{"name":"텔코웨어"},{"name":"텔콘RF제약"},{"name":"토니모리"},{"name":"토박스코리아"},{"name":"토비스"},{"name":"톱텍"},{"name":"투비소프트"},{"name":"툴젠"},{"name":"트루윈"},{"name":"트윔"},{"name":"특수건설"},{"name":"티라유텍"},{"name":"티로보틱스"},{"name":"티비씨"},{"name":"티사이언티픽"},{"name":"티씨케이"},{"name":"티앤알바이오팹"},{"name":"티앤엘"},{"name":"티에스아이"},{"name":"티에스이"},{"name":"티에이치엔"},{"name":"티엘비"},{"name":"티엘아이"},{"name":"티와이홀딩스"},{"name":"티움바이오"},{"name":"티웨이항공"},{"name":"티웨이홀딩스"},{"name":"티케이케미칼"},{"name":"티플랙스"},{"name":"팅크웨어"},{"name":"파나진"},{"name":"파라다이스"},{"name":"파라텍"},{"name":"파마리서치"},{"name":"파멥신"},{"name":"파미셀"},{"name":"파버나인"},{"name":"파세코"},{"name":"파수"},{"name":"파워넷"},{"name":"파워로직스"},{"name":"파이오링크"},{"name":"파인디앤씨"},{"name":"파인디지털"},{"name":"파인테크닉스"},{"name":"파인텍"},{"name":"파크시스템스"},{"name":"파트론"},{"name":"팜스빌"},{"name":"팜스코"},{"name":"팜스토리"},{"name":"팜젠사이언스"},{"name":"패션플랫폼"},{"name":"팬스타엔터프라이즈"},{"name":"팬엔터테인먼트"},{"name":"팬오션"},{"name":"팬젠"},{"name":"퍼스텍"},{"name":"퍼시스"},{"name":"펄어비스"},{"name":"펌텍코리아"},{"name":"페이퍼코리아"},{"name":"펩트론"},{"name":"평화산업"},{"name":"평화홀딩스"},{"name":"포메탈"},{"name":"포스코 ICT"},{"name":"포스코강판"},{"name":"포스코엠텍"},{"name":"포스코인터내셔널"},{"name":"포스코케미칼"},{"name":"포시에스"},{"name":"포인트모바일"},{"name":"포인트엔지니어링"},{"name":"포커스에이치엔에스"},{"name":"폴라리스오피스"},{"name":"폴라리스우노"},{"name":"폴라리스웍스"},{"name":"푸드나무"},{"name":"푸드웰"},{"name":"푸른기술"},{"name":"푸른저축은행"},{"name":"풀무원"},{"name":"풍국주정"},{"name":"풍산"},{"name":"풍산홀딩스"},{"name":"풍원정밀"},{"name":"퓨런티어"},{"name":"퓨쳐켐"},{"name":"프럼파스트"},{"name":"프레스티지바이오로직"},{"name":"프레스티지바이오파마"},{"name":"프로스테믹스"},{"name":"프로이천"},{"name":"프로텍"},{"name":"프롬바이오"},{"name":"프리시젼바이오"},{"name":"프리엠스"},{"name":"플래티어"},{"name":"플랜티넷"},{"name":"플레이그램"},{"name":"플레이디"},{"name":"플레이위드"},{"name":"플리토"},{"name":"피델릭스"},{"name":"피씨디렉트"},{"name":"피씨엘"},{"name":"피에스케이"},{"name":"피에스케이홀딩스"},{"name":"피에스텍"},{"name":"피에이치에이"},{"name":"피엔에이치테크"},{"name":"피엔케이피부임상연구"},{"name":"피엔티"},{"name":"피제이메탈"},{"name":"피제이전자"},{"name":"피코그램"},{"name":"피플바이오"},{"name":"픽셀플러스"},{"name":"필옵틱스"},{"name":"핌스"},{"name":"핑거"},{"name":"하나금융지주"},{"name":"하나기술"},{"name":"하나마이크론"},{"name":"하나머티리얼즈"},{"name":"하나제약"},{"name":"하나투어"},{"name":"하림"},{"name":"하림지주"},{"name":"하이로닉"},{"name":"하이록코리아"},{"name":"하이브"},{"name":"하이비젼시스템"},{"name":"하이스틸"},{"name":"하이즈항공"},{"name":"하이텍팜"},{"name":"하이트진로"},{"name":"하이트진로홀딩스"},{"name":"하츠"},{"name":"한국가구"},{"name":"한국가스공사"},{"name":"한국경제TV"},{"name":"한국공항"},{"name":"한국금융지주"},{"name":"한국기업평가"},{"name":"한국내화"},{"name":"한국단자"},{"name":"한국맥널티"},{"name":"한국바이오젠"},{"name":"한국비엔씨"},{"name":"한국석유"},{"name":"한국선재"},{"name":"한국수출포장"},{"name":"한국쉘석유"},{"name":"한국알콜"},{"name":"한국앤컴퍼니"},{"name":"한국유니온제약"},{"name":"한국자산신탁"},{"name":"한국전력"},{"name":"한국전자금융"},{"name":"한국전자인증"},{"name":"한국전자홀딩스"},{"name":"한국정보인증"},{"name":"한국정보통신"},{"name":"한국조선해양"},{"name":"한국종합기술"},{"name":"한국주철관"},{"name":"한국철강"},{"name":"한국카본"},{"name":"한국캐피탈"},{"name":"한국컴퓨터"},{"name":"한국콜마"},{"name":"한국콜마홀딩스"},{"name":"한국큐빅"},{"name":"한국타이어앤테크놀로"},{"name":"한국테크놀로지"},{"name":"한국토지신탁"},{"name":"한국특강"},{"name":"한국파마"},{"name":"한국팩키지"},{"name":"한국프랜지"},{"name":"한국항공우주"},{"name":"한국화장품"},{"name":"한국화장품제조"},{"name":"한글과컴퓨터"},{"name":"한네트"},{"name":"한농화성"},{"name":"한독"},{"name":"한독크린텍"},{"name":"한라"},{"name":"한라IMS"},{"name":"한라홀딩스"},{"name":"한미글로벌"},{"name":"한미반도체"},{"name":"한미사이언스"},{"name":"한미약품"},{"name":"한빛소프트"},{"name":"한샘"},{"name":"한섬"},{"name":"한세실업"},{"name":"한세엠케이"},{"name":"한세예스24홀딩스"},{"name":"한솔로지스틱스"},{"name":"한솔제지"},{"name":"한솔케미칼"},{"name":"한솔테크닉스"},{"name":"한솔홀딩스"},{"name":"한솔홈데코"},{"name":"한송네오텍"},{"name":"한스바이오메드"},{"name":"한신공영"},{"name":"한신기계"},{"name":"한양디지텍"},{"name":"한양이엔지"},{"name":"한양증권"},{"name":"한온시스템"},{"name":"한올바이오파마"},{"name":"한익스프레스"},{"name":"한일네트웍스"},{"name":"한일단조"},{"name":"한일사료"},{"name":"한일시멘트"},{"name":"한일진공"},{"name":"한일철강"},{"name":"한일현대시멘트"},{"name":"한일홀딩스"},{"name":"한일화학"},{"name":"한전KPS"},{"name":"한전기술"},{"name":"한전산업"},{"name":"한진"},{"name":"한진중공업홀딩스"},{"name":"한진칼"},{"name":"한창"},{"name":"한창바이오텍"},{"name":"한창제지"},{"name":"한컴MDS"},{"name":"한컴라이프케어"},{"name":"한컴위드"},{"name":"한화"},{"name":"한화생명"},{"name":"한화손해보험"},{"name":"한화솔루션"},{"name":"한화시스템"},{"name":"한화에어로스페이스"},{"name":"한화투자증권"},{"name":"해성디에스"},{"name":"해성산업"},{"name":"해성옵틱스"},{"name":"해성티피씨"},{"name":"해태제과식품"},{"name":"핸디소프트"},{"name":"핸즈코퍼레이션"},{"name":"헬릭스미스"},{"name":"현대건설"},{"name":"현대건설기계"},{"name":"현대공업"},{"name":"현대그린푸드"},{"name":"현대글로비스"},{"name":"현대두산인프라코어"},{"name":"현대로템"},{"name":"현대리바트"},{"name":"현대모비스"},{"name":"현대무벡스"},{"name":"현대미포조선"},{"name":"현대바이오"},{"name":"현대바이오랜드"},{"name":"현대백화점"},{"name":"현대비앤지스틸"},{"name":"현대사료"},{"name":"현대약품"},{"name":"현대에너지솔루션"},{"name":"현대에버다임"},{"name":"현대에이치티"},{"name":"현대엘리베이"},{"name":"현대오토에버"},{"name":"현대위아"},{"name":"현대이지웰"},{"name":"현대일렉트릭"},{"name":"현대제철"},{"name":"현대중공업"},{"name":"현대중공업지주"},{"name":"현대차"},{"name":"현대차증권"},{"name":"현대코퍼레이션"},{"name":"현대코퍼레이션홀딩스"},{"name":"현대퓨처넷"},{"name":"현대해상"},{"name":"현대홈쇼핑"},{"name":"현우산업"},{"name":"형지엘리트"},{"name":"혜인"},{"name":"호전실업"},{"name":"호텔신라"},{"name":"홈센타홀딩스"},{"name":"홈캐스트"},{"name":"화성밸브"},{"name":"화성산업"},{"name":"화승알앤에이"},{"name":"화승엔터프라이즈"},{"name":"화승인더"},{"name":"화승코퍼레이션"},{"name":"화신"},{"name":"화신정공"},{"name":"화인베스틸"},{"name":"화일약품"},{"name":"화천기계"},{"name":"화천기공"},{"name":"환인제약"},{"name":"황금에스티"},{"name":"효성"},{"name":"효성ITX"},{"name":"효성오앤비"},{"name":"효성중공업"},{"name":"효성첨단소재"},{"name":"효성티앤씨"},{"name":"효성화학"},{"name":"후성"},{"name":"휘닉스소재"},{"name":"휠라홀딩스"},{"name":"휴네시온"},{"name":"휴니드"},{"name":"휴럼"},{"name":"휴림로봇"},{"name":"휴마시스"},{"name":"휴맥스"},{"name":"휴맥스홀딩스"},{"name":"휴메딕스"},{"name":"휴비스"},{"name":"휴비츠"},{"name":"휴스틸"},{"name":"휴온스"},{"name":"휴온스글로벌"},{"name":"휴젤"},{"name":"휴켐스"},{"name":"흥구석유"},{"name":"흥국"},{"name":"흥국에프엔비"},{"name":"흥국화재"},{"name":"흥아해운"},{"name":"희림"},{"name":"힘스"}]